Changes made at Sat Aug  9 05:58:18 UTC 2025
Changes made at Sat Aug  9 06:00:13 UTC 2025
Changes made at Sat Aug  9 06:01:25 UTC 2025
Changes made at Sat Aug  9 06:10:34 UTC 2025
Changes made at Sat Aug  9 08:14:07 UTC 2025
Changes made at Sat Aug  9 08:15:15 UTC 2025
Changes made at Sat Aug  9 10:11:03 UTC 2025
Changes made at Sat Aug  9 14:10:13 UTC 2025
Changes made at Sat Aug  9 16:12:55 UTC 2025
Changes made at Sun Aug 10 08:14:16 UTC 2025
Changes made at Sun Aug 10 10:11:42 UTC 2025
Changes made at Sun Aug 10 14:10:09 UTC 2025
Changes made at Sun Aug 10 16:13:05 UTC 2025
Changes made at Mon Aug 11 08:18:02 UTC 2025
Changes made at Mon Aug 11 10:13:28 UTC 2025
Changes made at Mon Aug 11 14:14:02 UTC 2025
Changes made at Mon Aug 11 16:14:48 UTC 2025
Changes made at Tue Aug 12 08:16:11 UTC 2025
Changes made at Tue Aug 12 10:12:54 UTC 2025
